x_0,x_1,x_2,chain_break_fraction,energy,num_occurrences
0,0,1,0.0,-208.93400000000003,351
1,1,0,0.0,-208.92700000000002,648
0,1,0,0.0,-107.38300000000001,1
