x_0,x_1,x_2,chain_break_fraction,energy,num_occurrences
1,1,0,0.0,-2008.712,416
0,0,1,0.0,-2003.0479999999998,583
1,0,1,0.0,-1003.8599999999997,1
