x_0,x_1,x_2,chain_break_fraction,energy,num_occurrences
1,1,0,0.0,-201.06900000000002,370
0,0,1,0.0,-200.348,629
1,0,0,0.0,-100.30600000000001,1
