x_0,x_1,x_2,chain_break_fraction,energy,num_occurrences
0,0,1,0.0,-2008.9340000000002,518
1,1,0,0.0,-2008.9270000000001,482
