x_0,x_1,x_2,chain_break_fraction,energy,num_occurrences
1,1,0,0.0,-2019.943,680
0,0,1,0.0,-2019.6460000000002,319
1,0,1,0.0,-1029.5820000000003,1
