distribution,n_agents,solution,p,fval,prob,rank,time,device,flag,time_bilp,penalty
Agent_based_uniform,2,"[1.0, 1.0, 0.0]",,-208.71200000000002,0.571,1,95.4,dwave,True,0.062465667724609375,100
Agent_based_uniform,2,"[1.0, 1.0, 0.0]",,-208.71200000000002,1,1,0.0001678466796875,exact dwave,True,0.062465667724609375,100
Agent_based_uniform,2,[1. 1. 0.],1,-208.71200000000002,0.1630859375,1,0.03383803367614746,QAOA,True,0.062465667724609375,100
Agent_based_uniform,3,"[0.0, 0.0, 0.0, 0.0, 0.0, 0.0, 1.0]",,-317.601,0.142,3,103.12,dwave,True,0.6244182586669922,100
Agent_based_uniform,3,"[0.0, 0.0, 0.0, 0.0, 0.0, 0.0, 1.0]",,-317.601,1,1,0.00031495094299316406,exact dwave,True,0.6244182586669922,100
Agent_based_uniform,3,[0. 0. 0. 0. 0. 0. 1.],10,-317.601,0.0830078125,1,1.6424839496612549,QAOA,True,0.6244182586669922,100
